{
  "정동길/덕수궁": 103.74013717582127,
  "명동/재미로": 63.00837130103821,
  "을지로 3가": 39.036049700115065,
  "신당/중앙시장": 18.55175649929312,
  "남대문시장": 69.06988560246607,
  "회현/남산": 30.740821458751395,
  "남산골/필동": 4.0321243498482,
  "용리단길": 48.94947878951637,
  "삼각지": 15.75184878031752,
  "해방촌": 80.22210544629,
  "후암동": 14.354702915744022,
  "이태원/경리단길": 64.99034387022903,
  "보광동": 5.846660288549044,
  "한남동": 45.13446315208625,
  "공덕/마포": 16.417164261327883,
  "경의선숲길": 18.092450154226903,
  "홍대/상수 윗동네": 110.93510251048879,
  "합정/서교": 21.596126358475896,
  "연남동": 56.62620306839683,
  "망원동": 32.43569344872137,
  "연희동": 37.583728435884055,
  "홍제동": 14.227037463214664,
  "진관동": 3.6783887411494818,
  "부암동": 19.968968920317675,
  "평창동": 19.089045100735262,
  "서촌/경복궁역": 50.03886853573823,
  "안국/북촌": 22.829662220624982,
  "인사동/낙원": 53.10784132467021,
  "익선동": 65.27361665177878,
  "서순라길/종묘/창덕궁": 96.31336650812953,
  "삼청동": 21.077345393103585,
  "종각": 10.891866402266407,
  "광장시장": 134.46664191833503,
  "혜화/낙산공원": 28.769835400942107,
  "창신동": 12.010158022949994,
  "성북동": 13.154005930228664,
  "북한산우이역": 67.14452218676273,
  "도봉산/방학천": 29.197258518338664,
  "경춘선 숲길/화랑대역": 7.337316357250913,
  "회기": 13.5386743907992,
  "청량리": 28.173070781778435,
  "중랑천/망우리": 12.684897083771563,
  "왕십리": 31.52006220817282,
  "서울숲": 149.93081206150842,
  "성수": 99.7477774444864,
  "뚝섬/한강공원": 21.216474847579015,
  "건대입구": 38.14012654606893,
  "암사동/한강공원": 6.921718335766752,
  "잠실": 81.52240019172837,
  "송리단길": 44.29705749323969,
  "선릉/역삼": 21.7205669785401,
  "압구정로데오/도산": 32.406436406160964,
  "강남역/신논현": 133.4146234076856,
  "논현/학동": 4.757388508195536,
  "가로수길/신사": 36.12543490906347,
  "봉은사/영동시장": 57.25999186550925,
  "양재/양재천": 16.365570144912954,
  "반포한강공원/서래마을": 29.307729473669063,
  "노량진수산시장/흑석동": 35.17254639571759,
  "문래": 28.953634982227573,
  "여의도": 79.57243744202547,
  "당산": 12.922320936367157,
  "대림동(多문화거리)": 11.018097256192393,
  "마곡/보타닉공원": 51.4071148755776
}